<?xml version = "1.0" encoding = "utf-8" ?>
<component name = "slingLikesene" extends = "Scene" >
  <script type = "text/brightscript" uri="pkg:/components/slinglikesene.brs" >
  </script>
  <interface>
  <field id="posterItem_selected"
          type="assocarray"
          alias="examplePosterGrid.itemSelected"
      />
      <field id="rowItemFocused" type="assocArray" alwaysnotify="true" alias="theRowlist.rowItemFocused" />
    <field id="rowItem_selected" type="assocArray" alwaysnotify="true" alias="theRowlist.rowItemSelected" />  
      <function name="updateConfig" />
      </interface>
   <children>
    <!-- color="0x000000" -->

     <Overhang
      id="overhang"
      title="This is Test" 
      color = "0x101023ff"
      optionsAvailable = "true" 
      >
     

      <PosterGrid 
      id = "examplePosterGrid" 
     translation = "[ 400, 20 ]"
      basePosterSize = "[ 200, 50 ]" 
      captionBackgroundBitmapUri=""
      posterDisplayMode="scaleToZoooms"
      caption1NumLines = "1" 
      numColumns = "4" 
      numRows = "1" 
      itemSpacing = "[ 20, 20 ]" />

      </Overhang>

       <Poster
       visible="true"
       id="mainPoster"
       uri="pkg:/images/posterpg.jpg"
       width="500.0"
      height="200.0"
      translation = "[ 200, 200 ]"
      scaleRotateCenter = "[ 256.0, 144.0 ]" />
      <Animation   id="testAnimation"  duration="10"  repeat="true"  control="start"  easeFunction="linear" >
        <FloatFieldInterpolator    id = "testFloat"   key="[1, 0]"  keyValue="[0, 6.283]"     fieldToInterp="mainPoster.opacity"   />
    </Animation>

      <Rectangle 
      id = "itemMask" 
      color = "0x101010FF" 
      opacity = "0.25" 
      blendingEnabled="true"
      width = "500" 
      height = "200" 
      translation = "[ 200, 200 ]"
      scaleRotateCenter = "[ 256.0, 144.0 ]" />

      <Label
  id="descriptionLabel"
  height="200"
  width="300"
  font="font:MediumBoldSystemFont"
  text = "try it"
  horizAlign = "left"
  vertAlign = "center"
  translation="[750,200]" />

<SimpleRowList id="theRowList" translation="[50,500]" />
 <Video
      id="videoplayer"
      visible="false"
      translation="[0,0]"
      width="1920"
      height="1080" />
      <Dialog
    title="Error"
    visible="false"
    id="error_dialog" />
</children>
</component>